user_id,event_type,observation_count,mean,median,std,minimum,maximum,percentile_05,percentile_95,lower_bound,upper_bound,mean_plus_2std,mean_minus_2std,mean_plus_3std,mean_minus_3std,baseline_quality
USR_1000,scroll,101,59.17284312,58.85773529,3.64149126,48.66797324,71.76533706,53.40597455,64.22263832,50.28779503,68.68002766,66.45582564,51.8898606,70.0973169,48.24836934,Medium
USR_1001,share,376,91.32070289,91.34337729,10.09616453,57.87842647,130.4522971,76.05250908,108.4720471,62.66490421,118.8308843,111.5130319,71.12837384,121.6091965,61.03220932,Medium
USR_1002,purchase,453,26.58670275,26.79263385,6.243901921,5.225667644,44.11515458,16.15637699,36.26076515,10.0649732,43.13433422,39.07450659,14.09889891,45.31840851,7.854996984,Medium
USR_1003,share,464,60.56585517,60.56622687,2.13843096,54.20798546,65.90221618,57.08161081,64.03785004,54.8031164,66.20278979,64.84271709,56.28899325,66.98114805,54.15056229,High
USR_1004,share,437,60.76721008,60.91215304,10.93565974,29.39561651,90.77001971,41.07693935,78.06980108,31.30960419,90.53265967,82.63852956,38.8958906,93.5741893,27.96023086,Medium
USR_1005,view,273,64.0513616,64.26749838,12.63696058,25.77454658,104.2623534,43.59131107,83.55807254,32.39554682,96.07668007,89.32528276,38.77744044,101.9622433,26.14047986,High
USR_1006,purchase,440,96.03795112,96.40283875,8.816238795,65.36841533,119.6206521,81.84011771,110.1588547,71.43408192,120.9569495,113.6704287,78.40547353,122.4866675,69.58923473,High
USR_1007,purchase,44,89.63294078,92.26634446,10.90243157,67.07657113,111.395684,74.31063412,107.1988804,53.10062759,123.7196981,111.4378039,67.82807763,122.3402355,56.92564606,High
USR_1008,purchase,215,33.36582094,33.30177108,2.376814371,25.25681338,40.82627408,29.64185172,37.2451031,26.87961386,39.88879935,38.11944968,28.6121922,40.49626406,26.23537783,High
USR_1009,share,90,66.58338178,66.67497547,14.68105398,23.970659,119.6924066,42.73075823,88.31500687,29.91140839,103.7361604,95.94548973,37.22127383,110.6265437,22.54021986,High
USR_1010,scroll,429,39.40974515,39.27030194,2.129298115,33.70840273,45.33222484,35.68303161,42.88527372,33.60564888,45.20043834,43.66834138,35.15114892,45.79763949,33.0218508,High
USR_1011,purchase,59,47.65149484,47.71625083,9.021369505,20.96762623,66.28478493,35.26096537,63.88601844,24.66565865,70.28736206,65.69423385,29.60875582,74.71560335,20.58738632,High
USR_1012,share,369,13.33506974,13.87507689,13.98626978,-24.81943273,51.92039928,-8.205081301,36.79928896,-24.75849356,51.3333214,41.30760931,-14.63746983,55.29387909,-28.62373961,High
USR_1013,view,397,36.3501551,36.36522206,10.62597969,5.842732546,69.63454174,17.79695582,53.88596118,9.871783647,62.72670448,57.60211448,15.09819573,68.22809417,4.472216037,Medium
USR_1014,scroll,11,31.86934901,33.76413015,6.091421789,17.16488067,39.46847389,20.08409696,38.05593542,26.50329666,40.36723196,44.05219259,19.68650543,50.14361438,13.59508364,High
USR_1015,view,399,17.83294327,18.25593464,7.744421764,-4.855758258,35.45796609,4.462311288,29.37026177,-3.259932066,39.80844428,33.3217868,2.344099738,41.06620856,-5.400322026,High
USR_1016,scroll,63,80.03793786,80.20174151,4.869975881,67.25862419,90.29758669,72.8481613,87.62507263,66.05085231,94.09661628,89.77788962,70.29798609,94.6478655,65.42801021,Medium
USR_1017,share,115,53.10373338,53.44990676,3.805053957,41.15371366,64.5371187,46.08924721,58.5089927,42.24748986,64.34159054,60.7138413,45.49362547,64.51889526,41.68857151,High
USR_1018,click,269,88.15740902,88.50989307,11.76565571,54.36822861,125.5564176,68.30066432,107.3560637,59.07845947,116.8512222,111.6887204,64.62609759,123.4543762,52.86044188,High
USR_1019,scroll,319,95.12686171,95.1374199,5.265019165,83.05387733,111.4920936,86.82894686,104.2995022,81.31134036,108.6797592,105.6569,84.59682338,110.9219192,79.33180422,Low
USR_1020,view,486,93.41176322,93.55785702,5.064672622,77.26094103,108.3453538,84.83556943,102.1555038,80.3811027,106.5448001,103.5411085,83.28241797,108.6057811,78.21774535,High
USR_1021,share,200,60.2587096,60.59432481,12.89491182,29.17536153,92.74974811,39.04546645,80.94218255,22.01473682,97.75516859,86.04853324,34.46888596,98.94344506,21.57397414,High
USR_1022,scroll,411,17.34624004,17.17399139,7.5078949,-5.179610318,38.17999536,5.24403853,29.99248461,-4.293720698,38.75298141,32.36202984,2.330450237,39.86992473,-5.177444662,High
USR_1023,click,227,87.69558323,87.64949259,12.37028644,56.32568283,122.3914405,67.12921103,108.1982473,53.74246611,121.593752,112.4361561,62.95501035,124.8064425,50.58472392,High
USR_1024,click,53,89.9494954,86.49740952,16.93473997,57.30717782,136.4124847,65.37646848,118.6844625,53.10001459,128.1518579,123.8189753,56.08001545,140.7537153,39.14527548,High
USR_1025,purchase,171,10.79546861,10.27805898,13.45909185,-15.55398193,54.96625407,-10.13515393,34.07716278,-27.01276316,49.08812601,37.7136523,-16.12271508,51.17274415,-29.58180693,High
USR_1026,purchase,211,67.13881761,67.00448117,11.83773438,37.73745833,94.44069185,46.66908627,86.83853104,35.78534779,99.16223137,90.81428636,43.46334886,102.6520207,31.62561448,Medium
USR_1027,view,455,86.69913398,86.60967978,4.473260545,71.22213142,99.32954702,79.29094568,94.17264527,74.3366973,99.15415464,95.64565506,77.75261289,100.1189156,73.27935234,Medium
USR_1028,scroll,493,64.28877679,64.53456296,11.15119595,33.4071559,97.03412084,45.44390927,82.30200808,34.43349817,94.32691768,86.59116869,41.98638489,97.74236464,30.83518894,High
USR_1029,scroll,279,24.43491126,24.32573784,4.800603792,10.92410224,39.64242817,16.52292878,32.98292548,11.66929675,37.46954474,34.03611884,14.83370368,38.83672264,10.03309989,High
USR_1030,purchase,360,68.57604107,68.75598001,4.508141189,55.40285388,80.83763611,60.64694769,75.90368079,56.37787526,81.1488132,77.59232345,59.55975869,82.10046464,55.0516175,Low
USR_1031,scroll,313,47.6396282,47.38251936,6.860621147,28.29171249,64.03651692,35.73722743,59.17651973,30.70966779,65.1153694,61.3608705,33.91838591,68.22149165,27.05776476,High
USR_1032,scroll,280,68.60655369,68.12012869,6.459468931,50.46668903,88.13742048,58.13683389,79.32288954,50.85189688,86.50291798,81.52549155,55.68761583,87.98496048,49.2281469,High
USR_1033,click,465,79.69053901,80.17740226,13.78361486,23.60212441,115.930197,57.81594129,101.9207031,44.83953564,114.551085,107.2577687,52.12330929,121.0413836,38.33969442,High
USR_1034,purchase,471,91.13126013,91.32283491,6.841164492,73.81172464,109.7638257,80.14057303,103.414451,72.2254763,109.7168486,104.8135891,77.44893115,111.6547536,70.60776665,High
USR_1035,share,224,45.43191155,45.36545518,4.320770752,33.09797618,58.08140562,38.85983001,52.44120847,34.03998626,56.7350722,54.07345306,36.79037005,58.39422381,32.4695993,High
USR_1036,purchase,261,77.66272137,76.64474191,13.91867366,29.39473437,113.2378333,54.91229507,102.1634017,41.20774097,114.9450019,105.5000687,49.82537405,119.4187424,35.90670039,Medium
USR_1037,share,199,78.19387205,78.16471723,11.62325925,42.15765306,106.9197972,58.99959604,97.12209265,45.09335872,111.3517358,101.4403905,54.94735355,113.0636498,43.3240943,High
USR_1038,click,305,22.21886057,22.13983969,2.351081289,14.89598127,29.39373458,18.61394288,26.18742807,15.82859279,28.58926363,26.92102314,17.51669799,29.27210443,15.1656167,High
USR_1039,view,222,98.46656531,98.45576279,6.397911356,77.3483506,119.8160545,88.19281687,108.0102354,82.87076648,114.0490916,111.262388,85.6707426,117.6602994,79.27283124,Low
USR_1040,scroll,217,86.31184471,86.79542113,10.3480608,50.88819433,115.9832575,69.38120987,101.6655038,57.55150317,115.5446898,107.0079663,65.61572311,117.3560271,55.26766231,High
USR_1041,click,246,54.42369353,54.63246103,11.6939979,19.92087907,85.17962615,36.42421813,74.50070216,26.64334069,82.76651287,77.81168933,31.03569774,89.50568722,19.34169984,High
USR_1042,scroll,347,25.22867245,25.01201188,14.40926398,-11.45328238,60.48169988,1.185908481,49.73595242,-14.8370855,66.30805499,54.0472004,-3.589855506,68.45646438,-17.99911948,High
USR_1043,view,376,30.4637818,29.74656678,13.29172764,-7.662082154,75.2759017,9.107812632,52.36776148,-3.651844514,64.10538457,57.04723709,3.880326519,70.33896473,-9.411401123,High
USR_1044,view,62,79.0,79.0,12.0,55.0,103.0,59.0,99.0,43.0,115.0,103.0,55.0,115.0,43.0,High
